{
	"name": "ui.selectable",
	"title": "jQuery UI Selectable",
	"description": "Allows groups of elements to be selected with the mouse.",
	"keywords": [
		"ui",
		"selectable",
		"selection"
	],
	"version": "1.11.1",
	"author": {
		"name": "jQuery Foundation and other contributors",
		"url": "https://github.com/jquery/jquery-ui/blob/1.11.1/AUTHORS.txt"
	},
	"maintainers": [
		{
			"name": "Scott González",
			"email": "scott.gonzalez@gmail.com",
			"url": "http://scottgonzalez.com"
		},
		{
			"name": "Jörn Zaefferer",
			"email": "joern.zaefferer@gmail.com",
			"url": "http://bassistance.de"
		},
		{
			"name": "Kris Borchers",
			"email": "kris.borchers@gmail.com",
			"url": "http://krisborchers.com"
		},
		{
			"name": "Corey Frang",
			"email": "gnarf37@gmail.com",
			"url": "http://gnarf.net"
		},
		{
			"name": "Mike Sherov",
			"email": "mike.sherov@gmail.com",
			"url": "http://mike.sherov.com"
		},
		{
			"name": "TJ VanToll",
			"email": "tj.vantoll@gmail.com",
			"url": "http://tjvantoll.com"
		},
		{
			"name": "Felix Nagel",
			"email": "info@felixnagel.com",
			"url": "http://www.felixnagel.com"
		}
	],
	"licenses": [
		{
			"type": "MIT",
			"url": "https://github.com/jquery/jquery-ui/blob/1.11.1/LICENSE.txt"
		}
	],
	"bugs": "http://bugs.jqueryui.com/",
	"homepage": "http://jqueryui.com/selectable/",
	"demo": "http://jqueryui.com/selectable/",
	"docs": "http://api.jqueryui.com/selectable/",
	"download": "http://jqueryui.com/download/",
	"dependencies": {
		"jquery": ">=1.6",
		"ui.core": "1.11.1",
		"ui.widget": "1.11.1",
		"ui.mouse": "1.11.1"
	},
	"category": "interaction"
}
