{
	"root": true,

	"extends": "jquery",

	"parserOptions": {
		"ecmaVersion": 3
	},

	// The browser env is not enabled on purpose so that code takes
	// all browser-only globals from window instead of assuming
	// they're available as globals. This makes it possible to use
	// jQuery with tools like jsdom which provide a custom window
	// implementation.
	"env": {
		"node": true
	},

	"globals": {
		"window": true,
		"jQuery": true,
		"define": true,
		"module": true
	},

	"rules": {
		"dot-notation": "off"
	}
}
