{
  "name": "form",
  "title": "Form",
  "description": "A simple way to AJAX-ify any form on your page; with file upload and progress support.",
  "keywords": [
    "form",
    "upload",
    "ajax"
  ],
  "version": "4.0.0",
  "author": {
    "name": "Kevin Morris",
    "url": "https://github.com/jquery-form/form"
  },
  "licenses": [
    {
      "type": "MIT",
      "url": "https://github.com/jquery-form/form/LICENSE"
    },
    {
      "type": "GPL",
      "url": "https://github.com/jquery-form/form/blob/master/LICENSE-LGPLv3"
    }
  ],
  "bugs": "https://github.com/jquery-form/form/issues",
  "homepage": "https://github.com/jquery-form/form/",
  "docs": "https://github.com/jquery-form/form/",
  "download": "https://github.com/jquery-form/form/blob/master/src/jquery.form.js",
  "dependencies": {
    "jquery": ">=1.7"
  }
}

